<?xml version="1.0" encoding="UTF-8"?>
<!DOCTYPE hibernate-configuration PUBLIC
        "-//Hibernate/Hibernate Configuration DTD 3.0//EN"
        "http://hibernate.org/dtd/hibernate-configuration-3.0.dtd">
<hibernate-configuration>
    <session-factory>
        <property name="hibernate.connection.driver_class">com.mysql.cj.jdbc.Driver</property>
        <property name="hibernate.connection.url">jdbc:mysql://localhost:3306/isaeg</property>
        <property name="hibernate.connection.username">root</property>
        <property name="hibernate.connection.password">amit123456</property>
        <property name="hibernate.connection.pool_size">5</property>
        <property name="hibernate.current_session_context_class">thread</property>
        <property name="hibernate.show_sql">true</property>
        <property name="hibernate.dialect">org.hibernate.dialect.MySQL8Dialect</property>
        <property name="hbm2ddl.auto">create</property>
        <mapping class="com.brainmentors.apps.isademo.jointableeg.LargeObjects"/>
        <!-- <mapping class="com.brainmentors.apps.isademo.jointableeg.Person"/>
        <mapping class="com.brainmentors.apps.isademo.jointableeg.Student"/>
        <mapping class="com.brainmentors.apps.isademo.jointableeg.Employee"/> -->
		
    </session-factory>
</hibernate-configuration>